date,n_members,dispersion,ensemble_rank_ic,mean_member_rank_ic
2020-01-02,8,0.602576,0.214416,0.164574
2020-01-03,8,0.433727,0.204865,0.146867
2020-01-06,8,0.380984,0.048360,0.022569
2020-01-07,8,0.404133,-0.185084,-0.121882
2020-01-08,8,0.452842,0.083127,0.056146
2020-01-09,8,0.404054,-0.110986,-0.077275
2020-01-10,8,0.508647,0.053883,0.063421
2020-01-13,8,0.501290,-0.002929,0.008259
2020-01-14,8,0.466352,0.142435,0.120492
2020-01-15,8,0.468002,-0.289899,-0.189724
2020-01-16,8,0.525615,0.201599,0.158713
2020-01-17,8,0.359880,0.115716,0.077571
2020-01-21,8,0.317616,-0.202276,-0.136663
2020-01-22,8,0.413233,-0.092064,-0.056303
2020-01-23,8,0.442120,0.093498,0.061429
2020-01-24,8,0.435294,-0.309898,-0.216987
2020-01-27,8,0.250475,-0.087021,-0.045318
2020-01-28,8,0.222682,0.078657,0.053926
2020-01-29,8,0.216310,-0.156750,-0.100008
2020-01-30,8,0.268599,-0.075541,-0.044382
2020-01-31,8,0.215922,-0.177584,-0.094886
2020-02-03,8,0.640059,-0.155830,-0.135223
2020-02-04,8,0.526387,0.142480,0.113974
2020-02-05,8,0.476718,0.564993,0.420492
2020-02-06,8,0.411850,-0.214864,-0.152905
2020-02-07,8,0.689017,-0.278772,-0.225366
2020-02-10,8,0.456906,-0.147910,-0.124670
2020-02-11,8,0.421492,0.315661,0.222305
2020-02-12,8,0.354413,0.397839,0.274622
2020-02-13,8,0.356663,-0.265757,-0.162701
2020-02-14,8,0.485803,-0.285035,-0.225210
2020-02-18,8,0.428816,-0.083371,-0.049069
2020-02-19,8,0.424137,0.013879,0.009165
2020-02-20,8,0.329402,0.394785,0.257597
2020-02-21,8,0.268433,-0.387043,-0.252825
2020-02-24,8,0.485978,-0.198199,-0.156682
2020-02-25,8,0.121032,-0.473803,-0.213821
2020-02-26,8,0.106932,-0.443447,-0.214348
2020-02-27,8,0.142438,0.405071,0.197306
2020-02-28,8,0.063029,0.344228,0.128166
2020-03-02,8,0.063419,-0.126303,-0.070245
2020-03-03,8,0.050753,-0.135770,-0.062377
2020-03-04,8,0.148259,-0.273640,-0.150228
2020-03-05,8,0.095284,-0.107197,-0.045762
2020-03-06,8,0.191717,-0.172278,-0.106735
2020-03-09,8,0.184956,-0.421447,-0.249172
2020-03-10,8,0.158964,0.333501,0.201513
2020-03-11,8,0.108321,-0.272638,-0.145282
2020-03-12,8,0.181478,-0.422554,-0.228019
2020-03-13,8,0.133637,0.188157,0.089352
2020-03-16,8,0.196100,-0.158963,-0.085378
2020-03-17,8,-0.054701,-0.116409,-0.036459
2020-03-18,8,0.004020,-0.282936,-0.080072
2020-03-19,8,-0.069093,0.014555,-0.004322
2020-03-20,8,0.024648,0.086303,0.037647
2020-03-23,8,-0.037194,0.220264,0.065330
2020-03-24,8,-0.046565,0.076657,0.024622
2020-03-25,8,0.100453,0.239769,0.111717
2020-03-26,8,-0.067796,0.136344,0.055174
2020-03-27,8,0.009964,0.090141,0.030072
2020-03-30,8,-0.064325,0.010518,-0.002545
2020-03-31,8,-0.083234,0.203372,0.037575
2020-04-01,8,-0.082048,-0.141451,-0.032005
2020-04-02,8,-0.055383,-0.125459,-0.025138
2020-04-03,8,-0.047577,0.038344,0.031633
2020-04-06,8,-0.071116,0.237975,0.056218
2020-04-07,8,0.059276,0.274943,0.123545
2020-04-08,8,-0.020640,0.104257,0.037598
2020-04-09,8,0.008755,0.271114,0.112428
2020-04-13,8,-0.019308,-0.368382,-0.115905
2020-04-14,8,-0.047817,-0.030112,-0.014972
2020-04-15,8,-0.107099,-0.104176,-0.017623
2020-04-16,8,-0.099091,-0.024161,0.011710
2020-04-17,8,-0.085490,-0.132475,-0.041056
2020-04-20,8,0.068023,-0.172593,-0.014283
2020-04-21,8,-0.064220,-0.111482,-0.005056
2020-04-22,8,-0.041292,-0.053354,-0.011716
2020-04-23,8,-0.043373,-0.053604,-0.003040
2020-04-24,8,-0.060969,0.009173,-0.001860
2020-04-27,8,-0.064610,-0.194490,-0.033406
2020-04-28,8,-0.057337,-0.068590,-0.014085
2020-04-29,8,-0.079002,-0.103476,-0.025618
2020-04-30,8,-0.078419,0.124889,0.035726
2020-05-01,8,-0.031240,0.042505,0.016074
2020-05-04,8,-0.032766,-0.017099,-0.015942
2020-05-05,8,-0.042253,0.197402,0.057779
2020-05-06,8,-0.036342,0.032849,0.013998
2020-05-07,8,-0.061536,-0.004083,0.007904
2020-05-08,8,-0.056457,-0.047980,-0.014642
2020-05-11,8,-0.054123,-0.123601,-0.038936
2020-05-12,8,-0.061818,-0.218604,-0.049134
2020-05-13,8,-0.068225,0.180740,0.054106
2020-05-14,8,-0.068957,-0.371658,-0.088196
2020-05-15,8,-0.085623,-0.098182,-0.011321
2020-05-18,8,-0.074221,-0.160671,-0.040667
2020-05-19,8,0.023321,-0.040439,0.005606
2020-05-20,8,-0.038042,0.275072,0.088619
2020-05-21,8,-0.010397,0.274221,0.088499
2020-05-22,8,-0.058292,-0.148484,-0.041333
2020-05-26,8,0.043217,0.741056,0.294178
2020-05-27,8,-0.054347,0.135165,0.036819
2020-05-28,8,-0.040290,-0.001633,0.002700
2020-05-29,8,0.010010,-0.323527,-0.128967
2020-06-01,8,0.044627,0.274900,0.095054
2020-06-02,8,-0.009563,-0.002785,0.002666
2020-06-03,8,0.009515,0.192516,0.083974
2020-06-04,8,-0.062350,0.071224,0.021327
2020-06-05,8,-0.041580,-0.024735,-0.036436
2020-06-08,8,-0.046883,0.261108,0.089103
2020-06-09,8,-0.022379,0.159827,0.049919
2020-06-10,8,-0.013511,0.089531,0.041921
2020-06-11,8,-0.059359,0.096503,0.030732
2020-06-12,8,-0.047933,-0.053471,-0.021729
2020-06-15,8,-0.051058,-0.008214,-0.014010
2020-06-16,8,-0.070081,0.166158,0.041357
2020-06-17,8,-0.033792,-0.038564,-0.019988
2020-06-18,8,-0.028911,0.053173,0.024022
2020-06-19,8,-0.032684,-0.139341,-0.057299
2020-06-22,8,-0.001331,0.120719,0.007611
2020-06-23,8,0.011140,0.257163,0.072365
2020-06-24,8,-0.030382,-0.222740,-0.070612
2020-06-25,8,0.137626,0.326506,0.171301
2020-06-26,8,0.010362,-0.290298,-0.107395
2020-06-29,8,0.079633,0.231576,0.098848
2020-06-30,8,0.008842,0.026558,0.014970
2020-07-01,8,0.039355,-0.311479,-0.126927
2020-07-02,8,0.085231,-0.193689,-0.081417
2020-07-06,8,0.096639,0.315332,0.136591
2020-07-07,8,0.083152,-0.601946,-0.283541
2020-07-08,8,0.210577,-0.106224,-0.055871
2020-07-09,8,0.155873,-0.562839,-0.292785
2020-07-10,8,0.116006,0.516425,0.245881
2020-07-13,8,-0.023106,0.064798,0.036560
2020-07-14,8,-0.013906,-0.239093,-0.081998
2020-07-15,8,0.006079,0.166399,0.069680
2020-07-16,8,-0.000633,-0.353758,-0.128932
2020-07-17,8,0.088163,-0.355241,-0.158908
2020-07-20,8,0.097849,-0.350842,-0.168703
2020-07-21,8,0.104054,0.436647,0.219052
2020-07-22,8,0.060648,-0.120209,-0.075246
2020-07-23,8,0.131089,0.254586,0.107803
2020-07-24,8,0.051027,-0.420009,-0.167383
2020-07-27,8,0.111696,-0.329995,-0.149160
2020-07-28,8,0.111700,0.429971,0.192677
2020-07-29,8,0.018457,0.077185,0.027443
2020-07-30,8,0.035586,0.134175,0.032425
2020-07-31,8,0.001508,0.114009,0.047559
2020-08-03,8,-0.021446,0.156070,0.019569
2020-08-04,8,-0.026040,-0.094136,-0.020062
2020-08-05,8,-0.060255,0.318997,0.081021
2020-08-06,8,0.013914,-0.252881,-0.128638
2020-08-07,8,-0.053297,0.201282,0.048736
2020-08-10,8,-0.075902,0.082267,0.023672
2020-08-11,8,-0.056974,0.095709,0.032728
2020-08-12,8,-0.058396,-0.014793,0.001529
2020-08-13,8,-0.050968,0.147437,0.041079
2020-08-14,8,-0.041000,-0.040347,-0.024318
2020-08-17,8,-0.022257,-0.076744,-0.019002
2020-08-18,8,-0.039064,-0.063446,-0.036246
2020-08-19,8,-0.015070,-0.042025,-0.018554
2020-08-20,8,0.000995,0.000336,-0.013398
2020-08-21,8,0.029226,-0.271856,-0.112248
2020-08-24,8,0.022199,0.244574,0.100971
2020-08-25,8,0.016661,0.108360,0.027357
2020-08-26,8,0.042191,-0.323569,-0.111012
2020-08-27,8,0.035307,0.527901,0.201089
2020-08-28,8,0.078360,0.077365,0.027035
2020-08-31,8,0.074176,-0.290037,-0.123854
2020-09-01,8,0.148583,-0.027902,-0.020839
2020-09-02,8,0.069758,0.168608,0.065546
2020-09-03,8,0.085075,0.421179,0.182256
2020-09-04,8,0.054536,0.149893,0.052017
2020-09-08,8,0.013754,0.151533,0.049196
2020-09-09,8,0.015689,-0.420636,-0.151417
2020-09-10,8,-0.004353,0.169112,0.049436
2020-09-11,8,0.024864,-0.128758,-0.041873
2020-09-14,8,-0.061161,-0.005620,-0.003240
2020-09-15,8,-0.045870,-0.046454,0.005632
2020-09-16,8,-0.036372,-0.174116,-0.049444
2020-09-17,8,-0.030483,0.002930,-0.001542
2020-09-18,8,-0.020360,-0.097061,-0.013309
2020-09-21,8,0.014759,-0.078521,-0.046855
2020-09-22,8,-0.001482,-0.114853,-0.037647
2020-09-23,8,0.035764,-0.037745,-0.019652
2020-09-24,8,0.007553,0.030836,0.020708
2020-09-25,8,-0.033233,0.026177,0.003974
2020-09-28,8,0.002319,0.410623,0.155330
2020-09-29,8,-0.049079,-0.285961,-0.089364
2020-09-30,8,0.028729,-0.176872,-0.071975
2020-10-01,8,0.015565,-0.269664,-0.101753
2020-10-02,8,0.024987,0.111050,0.047731
2020-10-05,8,0.017477,0.051627,0.025951
2020-10-06,8,0.003309,-0.074950,-0.024030
2020-10-07,8,0.044098,0.064550,0.008115
2020-10-08,8,0.061334,0.018394,0.029710
2020-10-09,8,0.010201,0.000624,-0.009762
2020-10-12,8,-0.033013,0.160807,0.044250
2020-10-13,8,-0.031724,-0.021611,-0.011453
2020-10-14,8,0.005574,-0.092263,-0.021921
2020-10-15,8,0.018618,0.065649,0.021571
2020-10-16,8,0.047995,-0.003794,0.001957
2020-10-19,8,0.010324,-0.046273,-0.028830
2020-10-20,8,0.039317,0.196513,0.079772
2020-10-21,8,0.041921,0.112907,0.053361
2020-10-22,8,0.012656,0.026224,0.014394
2020-10-23,8,0.011830,0.081585,0.018319
2020-10-26,8,-0.019992,0.018398,-0.000086
2020-10-27,8,-0.004286,0.300348,0.106617
2020-10-28,8,0.002029,-0.187009,-0.059076
2020-10-29,8,-0.000499,-0.190673,-0.052641
2020-10-30,8,-0.044134,0.108109,0.042354
2020-11-02,8,0.018954,-0.081746,-0.025954
2020-11-03,8,-0.031041,-0.021809,0.023758
2020-11-04,8,-0.021273,-0.209644,-0.062653
2020-11-05,8,-0.004231,0.025840,0.009304
2020-11-09,8,0.023272,-0.113342,-0.036122
2020-11-10,8,-0.075157,-0.198847,-0.040180
2020-11-11,8,-0.003608,0.118048,0.030136
2020-11-12,8,-0.045903,0.137176,0.033014
2020-11-13,8,0.022602,-0.366631,-0.150113
2020-11-16,8,-0.003826,-0.363470,-0.131501
2020-11-17,8,0.031846,-0.091730,-0.035376
2020-11-18,8,-0.066269,0.011916,0.024538
2020-11-19,8,-0.029257,0.105951,0.037558
2020-11-20,8,-0.069594,0.094305,0.033401
2020-11-23,8,-0.008417,-0.225392,-0.078662
2020-11-24,8,0.052619,0.329291,0.139808
2020-11-25,8,0.107237,-0.546834,-0.259220
2020-11-27,8,0.048589,-0.441878,-0.178103
2020-11-30,8,0.091868,-0.098454,-0.041140
2020-12-01,8,0.043852,0.097589,0.038908
2020-12-02,8,0.057753,0.185721,0.086831
2020-12-03,8,0.046503,0.483163,0.167227
2020-12-04,8,0.113751,0.122512,0.050876
2020-12-07,8,0.075442,-0.133224,-0.041297
2020-12-08,8,0.030526,0.089870,0.038283
2020-12-09,8,0.033030,0.259635,0.069016
2020-12-10,8,0.066126,0.073049,0.037851
2020-12-11,8,0.063125,-0.186137,-0.079952
2020-12-14,8,0.072091,-0.267576,-0.116699
2020-12-15,8,0.123029,0.204894,0.098571
2020-12-16,8,0.035027,0.055806,0.034706
2020-12-17,8,-0.026373,0.230407,0.076194
2020-12-18,8,-0.022507,-0.188843,-0.068896
2020-12-21,8,0.013394,0.259781,0.096995
2020-12-22,8,0.020147,0.070993,0.049424
2020-12-23,8,0.097520,0.016569,0.006855
2020-12-24,8,0.092097,0.296300,0.123049
2020-12-28,8,0.136546,-0.136823,-0.059364
2020-12-29,8,0.155596,-0.235537,-0.139268
2020-12-30,8,0.132986,0.400999,0.196555
2020-12-31,8,0.205543,-0.094415,-0.056363
2021-01-04,8,0.203934,-0.155745,-0.053842
2021-01-05,8,0.199146,-0.141814,-0.046255
2021-01-06,8,0.231195,0.255769,0.142977
2021-01-07,8,0.181694,-0.057634,-0.039220
2021-01-08,8,0.281286,0.029224,0.027882
2021-01-11,8,0.324805,-0.257257,-0.157239
2021-01-12,8,0.358107,-0.023196,-0.025714
2021-01-13,8,0.285563,0.253031,0.147767
2021-01-14,8,0.322559,-0.039765,-0.032281
2021-01-15,8,0.310959,0.312074,0.176483
2021-01-19,8,0.273915,-0.024444,-0.016218
2021-01-20,8,0.285972,0.614047,0.381645
2021-01-21,8,0.314642,-0.086201,-0.056687
2021-01-22,8,0.236670,0.023679,-0.002377
2021-01-25,8,0.285642,-0.040101,-0.041537
2021-01-26,8,0.311809,-0.106327,-0.073890
2021-01-27,8,0.376172,-0.212553,-0.147131
2021-01-28,8,0.445196,0.313282,0.225102
2021-01-29,8,0.365028,-0.084570,-0.038583
2021-02-01,8,0.347457,0.089416,0.049724
2021-02-02,8,0.278402,0.315908,0.222989
2021-02-03,8,0.341091,0.113963,0.085102
2021-02-04,8,0.345471,0.034724,0.010552
2021-02-05,8,0.298655,-0.032703,-0.020552
2021-02-08,8,0.334862,0.093887,0.048379
2021-02-09,8,0.257366,0.016762,0.026134
2021-02-10,8,0.198926,0.073242,0.062833
2021-02-11,8,0.260302,0.005523,0.002101
2021-02-12,8,0.256573,-0.172506,-0.103469
2021-02-16,8,0.241098,-0.110895,-0.052612
2021-02-17,8,0.093675,0.001777,0.000108
2021-02-18,8,0.256841,0.004803,-0.002749
2021-02-19,8,0.121183,0.245166,0.110384
2021-02-22,8,0.199911,-0.191489,-0.102905
2021-02-23,8,0.416409,-0.054076,-0.038860
2021-02-24,8,0.370883,0.002209,0.001957
2021-02-25,8,0.356772,0.278209,0.219628
2021-02-26,8,0.335136,-0.101618,-0.055042
2021-03-01,8,0.373620,-0.000936,0.004628
2021-03-02,8,0.084236,-0.011405,-0.006846
2021-03-03,8,0.125039,-0.383721,-0.186082
2021-03-04,8,0.143422,0.004130,0.012428
2021-03-05,8,0.119505,0.101952,0.046652
2021-03-08,8,0.143351,-0.360401,-0.177729
2021-03-09,8,0.061074,0.287539,0.125730
2021-03-10,8,0.089999,-0.000960,0.008373
2021-03-11,8,0.111510,0.197272,0.101167
2021-03-12,8,0.105598,-0.158623,-0.071352
2021-03-15,8,0.068305,0.231534,0.102735
2021-03-16,8,0.236764,0.260926,0.145488
2021-03-17,8,0.266978,-0.156558,-0.096943
2021-03-18,8,0.280787,-0.156558,-0.094118
2021-03-19,8,0.206235,0.077459,0.054046
2021-03-22,8,0.244850,0.303573,0.176227
2021-03-23,8,0.484946,-0.004418,-0.000804
2021-03-24,8,0.548530,0.070353,0.057143
2021-03-25,8,0.525515,-0.002065,0.016194
2021-03-26,8,0.540329,0.206070,0.156206
2021-03-29,8,0.459633,-0.177444,-0.127863
2021-03-30,8,0.686119,0.430163,0.364670
2021-03-31,8,0.641893,0.122515,0.097455
2021-04-01,8,0.653099,0.562866,0.472341
2021-04-05,8,0.652187,-0.339280,-0.291537
2021-04-06,8,0.675572,0.324249,0.284862
2021-04-07,8,0.484699,0.227265,0.178295
2021-04-08,8,0.490348,-0.350549,-0.242905
2021-04-09,8,0.391730,0.266238,0.198307
2021-04-12,8,0.493168,0.046582,0.016603
2021-04-13,8,0.393956,-0.373028,-0.269232
2021-04-14,8,0.622192,0.366806,0.291273
2021-04-15,8,0.620563,-0.178649,-0.163169
2021-04-16,8,0.609882,-0.280638,-0.236483
2021-04-19,8,0.676934,0.066511,0.064886
2021-04-20,8,0.640974,-0.205734,-0.158427
2021-04-21,8,0.571713,0.293659,0.218235
2021-04-22,8,0.520806,-0.316429,-0.209076
2021-04-23,8,0.504407,0.167595,0.111393
2021-04-26,8,0.499633,0.174934,0.140432
2021-04-27,8,0.490564,0.175279,0.154418
2021-04-28,8,0.503725,-0.022954,-0.014322
2021-04-29,8,0.458384,0.166495,0.138199
2021-04-30,8,0.482631,0.126264,0.093517
2021-05-03,8,0.453716,0.230258,0.146194
2021-05-04,8,0.462446,0.036304,0.013373
2021-05-05,8,0.378830,-0.059788,-0.028391
2021-05-06,8,0.413576,-0.088610,-0.039736
2021-05-07,8,0.479746,0.145272,0.105978
2021-05-10,8,0.455339,0.014263,0.003229
2021-05-11,8,0.483440,0.032942,0.025906
2021-05-12,8,0.507282,-0.090966,-0.068571
2021-05-13,8,0.533140,0.078811,0.060312
2021-05-14,8,0.520518,0.348197,0.264538
2021-05-17,8,0.532804,-0.165970,-0.115510
2021-05-18,8,0.508777,0.125966,0.098920
2021-05-19,8,0.421804,-0.128038,-0.068259
2021-05-20,8,0.487213,-0.189873,-0.133133
2021-05-21,8,0.529971,-0.087788,-0.040960
2021-05-24,8,0.520871,0.181107,0.092281
2021-05-25,8,0.517578,0.041538,0.037035
2021-05-26,8,0.530612,0.283800,0.245222
2021-05-27,8,0.507508,0.248859,0.185258
2021-05-28,8,0.426592,0.295971,0.222101
2021-06-01,8,0.443169,0.054083,0.051981
2021-06-02,8,0.412043,-0.131156,-0.094130
2021-06-03,8,0.127468,-0.155265,-0.051879
2021-06-04,8,0.111448,0.060554,0.024204
2021-06-07,8,0.176362,-0.095323,-0.063320
2021-06-08,8,0.140035,0.230754,0.092695
2021-06-09,8,0.134364,-0.265050,-0.151689
2021-06-10,8,0.201125,-0.454919,-0.254920
2021-06-11,8,0.224587,0.214752,0.137120
2021-06-14,8,0.240187,-0.119913,-0.058245
2021-06-15,8,0.255470,0.301460,0.187424
2021-06-16,8,0.304920,-0.039282,-0.019826
2021-06-17,8,0.440123,-0.478726,-0.320060
2021-06-18,8,0.419369,-0.147159,-0.114586
2021-06-21,8,0.478405,0.342435,0.255498
2021-06-22,8,0.410382,-0.089558,-0.078427
2021-06-23,8,0.400593,0.039523,0.020300
2021-06-24,8,0.451271,0.327570,0.221806
2021-06-25,8,0.353946,0.126492,0.082341
2021-06-28,8,0.413205,-0.039671,-0.008283
2021-06-29,8,0.458038,-0.030686,-0.042725
2021-06-30,8,0.474461,0.311948,0.215174
2021-07-01,8,0.453627,0.012248,0.026110
2021-07-02,8,0.451391,-0.623271,-0.432257
2021-07-06,8,0.490756,-0.438954,-0.303469
2021-07-07,8,0.537616,-0.321408,-0.242473
2021-07-08,8,0.504274,-0.199640,-0.151297
2021-07-09,8,0.217767,0.641804,0.353337
2021-07-12,8,0.355595,0.215430,0.151243
2021-07-13,8,0.266900,-0.506568,-0.301135
2021-07-14,8,0.134837,0.090905,0.052905
2021-07-15,8,0.240202,-0.023629,-0.015547
2021-07-16,8,0.193864,-0.350961,-0.184977
2021-07-19,8,0.183332,-0.304157,-0.173436
2021-07-20,8,0.164717,0.059171,0.031698
2021-07-21,8,0.167310,0.342306,0.182004
2021-07-22,8,0.134084,-0.421583,-0.228040
2021-07-23,8,-0.047863,-0.098451,-0.035381
2021-07-26,8,0.032923,0.371582,0.149128
2021-07-27,8,0.014882,-0.193483,-0.059558
2021-07-28,8,-0.012933,0.083471,0.011095
2021-07-29,8,-0.000674,-0.115426,-0.055824
2021-07-30,8,0.340885,-0.224383,-0.155726
2021-08-02,8,0.346870,-0.202036,-0.137275
2021-08-03,8,0.313205,0.047832,0.039988
2021-08-04,8,0.364418,-0.429450,-0.294070
2021-08-05,8,0.283495,0.163469,0.088175
2021-08-06,8,0.061197,0.305830,0.126303
2021-08-09,8,0.023152,-0.041012,-0.016819
2021-08-10,8,0.016841,0.151407,0.059616
2021-08-11,8,0.034711,-0.070411,-0.007527
2021-08-12,8,0.062360,-0.222697,-0.098223
2021-08-13,8,0.153857,-0.062572,-0.034531
2021-08-16,8,0.141118,-0.042031,-0.031873
2021-08-17,8,0.072373,-0.014216,0.002852
2021-08-18,8,0.111326,-0.076995,-0.031068
2021-08-19,8,0.112445,0.003986,-0.026248
2021-08-20,8,0.282099,-0.011646,-0.036517
2021-08-23,8,0.237352,0.124433,0.094146
2021-08-24,8,0.249419,-0.015415,-0.031199
2021-08-25,8,0.254098,-0.024254,-0.031129
2021-08-26,8,0.237854,0.157954,0.098061
2021-08-27,8,0.278426,0.142010,0.088800
2021-08-30,8,0.290156,0.088261,0.050780
2021-08-31,8,0.327055,0.271086,0.180420
2021-09-01,8,0.239269,0.083620,0.083505
2021-09-02,8,0.274334,-0.001297,-0.014322
2021-09-03,8,0.105953,0.045576,0.034802
2021-09-07,8,0.135233,-0.279525,-0.143971
2021-09-08,8,0.182780,0.294943,0.164545
2021-09-09,8,0.193789,-0.091287,-0.048847
2021-09-10,8,0.182904,-0.051578,-0.014523
2021-09-13,8,0.256724,0.259316,0.151705
2021-09-14,8,0.203783,0.006483,-0.002665
2021-09-15,8,0.259112,0.008020,0.021609
2021-09-16,8,0.223807,-0.117486,-0.037911
2021-09-17,8,0.217040,0.206055,0.121741
2021-09-20,8,0.200086,0.014170,0.010095
2021-09-21,8,0.156074,0.119825,0.062923
2021-09-22,8,0.096467,-0.044277,-0.007393
2021-09-23,8,0.164158,0.160104,0.083460
2021-09-24,8,0.188573,0.295676,0.163530
2021-09-27,8,0.134712,0.284905,0.145505
2021-09-28,8,0.123358,0.032560,0.013371
2021-09-29,8,0.137168,-0.008549,-0.013219
2021-09-30,8,0.148354,-0.090909,-0.039561
2021-10-01,8,0.187446,0.189424,0.094371
2021-10-04,8,0.280624,-0.100415,-0.056495
2021-10-05,8,0.317578,0.170961,0.108103
2021-10-06,8,0.278175,0.171514,0.098908
2021-10-07,8,0.256189,0.192758,0.118151
2021-10-08,8,0.170197,-0.248235,-0.151261
2021-10-11,8,0.220490,0.133602,0.072725
2021-10-12,8,0.202295,0.071604,0.028896
2021-10-13,8,0.182693,0.102817,0.041753
2021-10-14,8,0.251929,0.248577,0.151633
2021-10-15,8,0.227625,-0.200980,-0.130012
2021-10-18,8,0.294817,0.380225,0.226963
2021-10-19,8,0.314629,-0.100809,-0.066855
2021-10-20,8,0.307467,-0.193065,-0.137275
2021-10-21,8,0.252324,-0.055950,-0.014538
2021-10-22,8,0.363965,-0.175755,-0.103637
2021-10-25,8,0.299530,0.106989,0.073493
2021-10-26,8,0.357297,-0.128137,-0.095822
2021-10-27,8,0.241958,-0.054074,-0.049664
2021-10-28,8,0.296903,0.194544,0.126699
2021-10-29,8,0.351209,-0.147104,-0.093385
2021-11-01,8,0.162353,0.019594,-0.011765
2021-11-02,8,0.192646,0.136593,0.089088
2021-11-03,8,0.208616,0.038369,-0.003397
2021-11-04,8,0.161091,-0.355953,-0.182209
2021-11-05,8,0.189974,0.217068,0.119616
2021-11-08,8,0.156131,-0.017962,0.008631
2021-11-09,8,0.103351,-0.306303,-0.142533
2021-11-10,8,0.050307,0.170240,0.063770
2021-11-11,8,0.131483,0.248769,0.119064
2021-11-12,8,0.146534,-0.313211,-0.169448
2021-11-15,8,0.206119,-0.228401,-0.105970
2021-11-16,8,0.207442,-0.225056,-0.103956
2021-11-17,8,0.227721,-0.069727,-0.044454
2021-11-18,8,0.208960,-0.151556,-0.090386
2021-11-19,8,0.239841,-0.066081,-0.028049
2021-11-22,8,0.252870,0.347356,0.196117
2021-11-23,8,0.234704,0.248103,0.137479
2021-11-24,8,0.216309,-0.121788,-0.059472
2021-11-26,8,0.190863,-0.408837,-0.216206
2021-11-29,8,0.215390,-0.346853,-0.197659
2021-11-30,8,0.401746,-0.024492,-0.011128
2021-12-01,8,0.439226,-0.307160,-0.240207
2021-12-02,8,0.412333,0.576642,0.394393
2021-12-03,8,0.320669,-0.321585,-0.204037
2021-12-06,8,0.433972,0.276158,0.185071
2021-12-07,8,0.190927,0.049654,0.036732
2021-12-08,8,0.198348,0.119387,0.049739
2021-12-09,8,0.194605,-0.114678,-0.055048
2021-12-10,8,0.205809,-0.131054,-0.069407
2021-12-13,8,0.210368,-0.321592,-0.149572
2021-12-14,8,0.494190,-0.073619,-0.046110
2021-12-15,8,0.480295,-0.181058,-0.120480
2021-12-16,8,0.534176,-0.109500,-0.086387
2021-12-17,8,0.518978,-0.097914,-0.073758
2021-12-20,8,0.524353,-0.405619,-0.315354
2021-12-21,8,0.112422,0.236924,0.104093
2021-12-22,8,0.233691,0.131681,0.112377
2021-12-23,8,0.227143,0.273705,0.172147
2021-12-27,8,0.287585,0.377266,0.239902
2021-12-28,8,0.359566,-0.173070,-0.127115
2021-12-29,8,0.388398,0.147625,0.090691
2021-12-30,8,0.355643,-0.148555,-0.134651
2021-12-31,8,0.418369,0.125723,0.091985
2022-01-03,8,0.395544,-0.039186,-0.031223
2022-01-04,8,0.462510,0.218364,0.173327
2022-01-05,8,0.325087,-0.475676,-0.305474
2022-01-06,8,0.409803,0.000432,-0.007635
2022-01-07,8,0.342672,-0.204476,-0.142185
2022-01-10,8,0.409624,0.100223,0.068920
2022-01-11,8,0.350197,0.242760,0.140564
2022-01-12,8,0.332867,0.243955,0.160309
2022-01-13,8,0.285286,-0.085862,-0.043760
2022-01-14,8,0.228648,-0.380426,-0.212187
2022-01-18,8,0.258823,-0.188633,-0.139432
2022-01-19,8,0.232080,-0.045337,-0.038413
2022-01-20,8,0.220854,-0.195688,-0.123484
2022-01-21,8,0.240776,-0.011573,0.000567
2022-01-24,8,0.222964,0.425299,0.265808
2022-01-25,8,0.210948,-0.397292,-0.234480
2022-01-26,8,0.328501,-0.234933,-0.132035
2022-01-27,8,0.443653,-0.299325,-0.236783
2022-01-28,8,0.509703,0.256345,0.151789
2022-01-31,8,0.480268,0.409979,0.306543
2022-02-01,8,0.388715,0.067190,0.067779
2022-02-02,8,0.460041,0.132978,0.099040
2022-02-03,8,0.400069,-0.442273,-0.306026
2022-02-04,8,0.408925,-0.000192,0.021813
2022-02-07,8,0.409302,-0.139746,-0.096603
2022-02-08,8,0.443972,0.088222,0.099304
2022-02-09,8,0.384764,0.483312,0.327203
2022-02-10,8,0.251010,-0.010517,-0.007527
2022-02-11,8,0.188345,-0.356320,-0.195642
2022-02-14,8,0.262229,0.215963,0.116435
2022-02-15,8,0.179283,0.397896,0.220816
2022-02-16,8,0.186438,0.141632,0.078752
2022-02-17,8,0.301890,-0.132927,-0.100744
2022-02-18,8,0.196381,0.058493,0.015786
2022-02-22,8,0.230951,-0.194597,-0.084887
2022-02-23,8,0.211007,-0.258464,-0.141080
2022-02-24,8,0.329913,0.374574,0.242905
2022-02-25,8,-0.036639,-0.056064,-0.008335
2022-02-28,8,-0.058462,-0.102599,-0.037187
2022-03-01,8,-0.047976,-0.093466,-0.035843
2022-03-02,8,-0.076993,0.423978,0.129700
2022-03-03,8,-0.063086,-0.162728,-0.050880
2022-03-04,8,0.087278,-0.305646,-0.141801
2022-03-07,8,0.078906,-0.299224,-0.138607
2022-03-08,8,0.090760,0.405004,0.183241
2022-03-09,8,0.055167,0.293310,0.117179
2022-03-10,8,0.028153,0.120698,0.059652
2022-03-11,8,0.330184,0.000312,0.002947
2022-03-14,8,0.248657,0.215104,0.128307
2022-03-15,8,0.276992,0.263705,0.145918
2022-03-16,8,0.232615,0.109396,0.091693
2022-03-17,8,0.232327,-0.009894,0.014898
2022-03-18,8,0.228431,0.306229,0.185245
2022-03-21,8,0.173177,0.010085,0.022232
2022-03-22,8,0.228512,0.108056,0.067213
2022-03-23,8,0.161292,-0.199496,-0.107068
2022-03-24,8,0.183462,-0.136583,-0.056661
2022-03-25,8,0.259823,0.051872,0.019461
2022-03-28,8,0.161562,-0.132693,-0.065231
2022-03-29,8,0.313463,0.187721,0.116062
2022-03-30,8,0.183202,-0.022478,-0.018227
2022-03-31,8,0.237057,-0.167403,-0.128575
2022-04-01,8,0.148462,-0.012967,-0.021345
2022-04-04,8,0.156268,-0.201834,-0.109724
2022-04-05,8,0.177112,-0.141427,-0.066975
2022-04-06,8,0.151511,-0.050519,-0.010804
2022-04-07,8,0.165968,-0.272350,-0.141200
2022-04-08,8,0.293229,-0.221054,-0.143481
2022-04-11,8,0.352204,0.165482,0.109892
2022-04-12,8,0.323114,0.114387,0.072089
2022-04-13,8,0.356903,0.009749,-0.014862
2022-04-14,8,0.330232,-0.094172,-0.036026
2022-04-18,8,0.201516,-0.170825,-0.095498
2022-04-19,8,0.230430,0.142974,0.070144
2022-04-20,8,0.223886,0.229633,0.129424
2022-04-21,8,0.183162,-0.335638,-0.165270
2022-04-22,8,0.255791,-0.151293,-0.094622
2022-04-25,8,0.160551,0.045672,0.025224
2022-04-26,8,0.085266,0.107058,0.045982
2022-04-27,8,0.072813,0.147252,0.069168
2022-04-28,8,0.104606,-0.066049,-0.020964
2022-04-29,8,0.047900,-0.039335,-0.046780
2022-05-02,8,0.126664,0.159403,0.085210
2022-05-03,8,0.093977,0.027807,0.013709
2022-05-04,8,0.123457,-0.071365,-0.046939
2022-05-05,8,0.180051,-0.105463,-0.053854
2022-05-06,8,0.140662,-0.452039,-0.229316
2022-05-09,8,-0.031106,-0.151744,-0.035662
2022-05-10,8,-0.014754,0.230077,0.085557
2022-05-11,8,-0.029306,-0.210862,-0.050704
2022-05-12,8,-0.003508,0.098607,0.031354
2022-05-13,8,-0.028102,0.214052,0.076346
2022-05-16,8,-0.005632,-0.155869,-0.053428
2022-05-17,8,0.018986,0.101359,0.034951
2022-05-18,8,-0.026248,-0.153310,-0.069530
2022-05-19,8,-0.020705,0.060482,0.012028
2022-05-20,8,0.031474,0.156181,0.060476
2022-05-23,8,0.022869,-0.094470,-0.040111
2022-05-24,8,0.005934,0.021710,0.008623
2022-05-25,8,0.030227,0.190193,0.061650
2022-05-26,8,-0.018419,-0.101014,-0.044967
2022-05-27,8,-0.019068,-0.030065,-0.015551
2022-05-31,8,0.068551,0.050486,0.036279
2022-06-01,8,0.087512,0.014937,0.002149
2022-06-02,8,0.094248,0.383350,0.185222
2022-06-03,8,0.056851,-0.034340,-0.013625
2022-06-06,8,0.125793,0.084092,0.032353
2022-06-07,8,0.107290,0.261304,0.116369
2022-06-08,8,0.099215,-0.285659,-0.135846
2022-06-09,8,0.093388,0.357956,0.165138
2022-06-10,8,0.018268,-0.051106,-0.019434
2022-06-13,8,0.057136,0.042607,0.024840
2022-06-14,8,0.157414,0.017385,0.004970
2022-06-15,8,0.117428,0.182949,0.085090
2022-06-16,8,0.121321,-0.292047,-0.122257
2022-06-17,8,0.095472,0.031696,0.013685
2022-06-21,8,0.153932,-0.219949,-0.109064
2022-06-22,8,0.358189,-0.021177,0.002377
2022-06-23,8,0.255188,-0.342996,-0.197947
2022-06-24,8,0.350163,0.251081,0.180012
2022-06-27,8,0.167518,0.354568,0.199232
2022-06-28,8,0.195706,0.207223,0.119076
2022-06-29,8,0.140200,-0.107720,-0.078470
2022-06-30,8,0.231706,0.300300,0.164699
2022-07-01,8,0.139651,-0.202579,-0.095140
2022-07-05,8,0.280828,0.081602,0.069305
2022-07-06,8,0.144814,-0.002497,-0.014234
2022-07-07,8,0.354522,0.300485,0.197443
2022-07-08,8,0.245272,-0.128557,-0.111453
2022-07-11,8,0.288513,0.123511,0.075906
2022-07-12,8,0.299040,0.212164,0.098091
2022-07-13,8,0.293013,-0.275650,-0.150912
2022-07-14,8,0.188729,-0.206550,-0.112197
2022-07-15,8,0.190482,0.118472,0.055714
2022-07-18,8,0.197436,0.213797,0.122761
2022-07-19,8,0.328719,0.328739,0.219214
2022-07-20,8,0.109259,0.185289,0.101118
2022-07-21,8,0.292934,-0.116605,-0.080180
2022-07-22,8,0.241684,-0.006292,0.001933
2022-07-25,8,0.246140,0.362052,0.207779
2022-07-26,8,0.222099,0.053788,0.004718
2022-07-27,8,0.301427,-0.056331,-0.042533
2022-07-28,8,0.104863,0.009461,-0.012835
2022-07-29,8,0.069836,0.269693,0.147755
2022-08-01,8,0.049343,-0.149482,-0.084603
2022-08-02,8,0.148315,-0.001057,0.015408
2022-08-03,8,0.144549,-0.160207,-0.056039
2022-08-04,8,0.042583,0.110417,0.048888
2022-08-05,8,0.042282,-0.053360,-0.025188
2022-08-08,8,0.029681,0.221166,0.090162
2022-08-09,8,0.063143,-0.268802,-0.097366
2022-08-10,8,0.021186,0.359227,0.147378
2022-08-11,8,0.070365,0.017867,-0.012701
2022-08-12,8,0.081897,0.054077,0.021885
2022-08-15,8,0.115462,-0.163305,-0.040540
2022-08-16,8,0.065965,0.161708,0.072569
2022-08-17,8,0.131401,0.215963,0.093625
2022-08-18,8,0.035755,-0.073441,-0.046066
2022-08-19,8,0.008237,-0.181076,-0.077615
2022-08-22,8,0.027874,-0.263112,-0.122369
2022-08-23,8,0.040621,-0.246920,-0.097970
2022-08-24,8,0.015875,0.265424,0.095743
2022-08-25,8,0.182892,0.194544,0.107522
2022-08-26,8,0.201739,-0.130478,-0.081233
2022-08-29,8,0.206601,-0.534419,-0.288183
2022-08-30,8,0.226987,-0.058393,-0.000697
2022-08-31,8,0.253541,-0.009318,-0.008921
2022-09-01,8,0.452119,-0.272836,-0.187282
2022-09-02,8,0.357145,-0.142003,-0.107934
2022-09-06,8,0.516255,0.279389,0.222089
2022-09-07,8,0.488262,-0.008310,-0.029889
2022-09-08,8,0.494001,-0.126162,-0.079856
2022-09-09,8,0.380206,0.304416,0.200336
2022-09-12,8,0.409810,-0.082991,-0.087491
2022-09-13,8,0.408115,-0.421247,-0.263854
2022-09-14,8,0.413922,-0.097584,-0.083411
2022-09-15,8,0.384994,-0.055902,0.000348
2022-09-16,8,0.167791,-0.076552,-0.058392
2022-09-19,8,0.143803,-0.159339,-0.041433
2022-09-20,8,0.149751,-0.147714,-0.060886
2022-09-21,8,0.131293,0.023148,0.006804
2022-09-22,8,0.157656,-0.174654,-0.106555
2022-09-23,8,0.211342,0.126687,0.061869
2022-09-26,8,0.234565,0.066129,0.025388
2022-09-27,8,0.230316,0.283333,0.175359
2022-09-28,8,0.228802,0.101573,0.065670
2022-09-29,8,0.155113,-0.103251,-0.063145
2022-09-30,8,0.225069,0.153909,0.085870
2022-10-03,8,0.212406,-0.002449,0.003553
2022-10-04,8,0.207536,-0.003794,-0.017395
2022-10-05,8,0.216635,-0.242130,-0.136651
2022-10-06,8,0.222830,-0.161833,-0.105654
2022-10-07,8,0.049970,-0.029059,-0.017760
2022-10-10,8,0.023102,0.279723,0.102860
2022-10-11,8,0.003963,0.101208,0.041207
2022-10-12,8,-0.012821,-0.276493,-0.101780
2022-10-13,8,0.073714,-0.039475,-0.018501
2022-10-14,8,0.066458,-0.047112,-0.000579
2022-10-17,8,0.145194,0.579483,0.307028
2022-10-18,8,0.030794,0.283416,0.130729
2022-10-19,8,0.036195,-0.175863,-0.058220
2022-10-20,8,0.043078,0.121020,0.071706
2022-10-21,8,0.061331,-0.047496,-0.029523
2022-10-24,8,-0.037314,-0.304471,-0.104326
2022-10-25,8,-0.012580,0.355294,0.141491
2022-10-26,8,0.013491,-0.300629,-0.130164
2022-10-27,8,0.057043,-0.026845,-0.003309
2022-10-28,8,0.146684,0.169420,0.093112
2022-10-31,8,0.130085,0.083559,0.040633
2022-11-01,8,0.160652,-0.147855,-0.064785
2022-11-02,8,0.179660,-0.105362,-0.047162
2022-11-03,8,0.102218,-0.227431,-0.095713
2022-11-04,8,-0.037838,0.253121,0.066013
2022-11-07,8,-0.028039,-0.594021,-0.183217
2022-11-08,8,-0.033003,-0.104378,-0.016407
2022-11-09,8,-0.033987,0.055374,0.008870
2022-11-10,8,-0.063029,0.313246,0.086091
2022-11-11,8,0.074749,-0.124526,-0.060252
2022-11-14,8,0.063770,-0.363977,-0.155438
2022-11-15,8,0.137462,0.223359,0.104238
2022-11-16,8,0.063992,0.161368,0.094490
2022-11-17,8,0.075551,0.015416,-0.000300
2022-11-18,8,0.119866,-0.251177,-0.127635
2022-11-21,8,0.144713,0.253073,0.135270
2022-11-22,8,0.091257,-0.052156,-0.019196
2022-11-23,8,0.180309,-0.111178,-0.054322
2022-11-25,8,0.088613,0.053257,0.029808
2022-11-28,8,0.042904,-0.222537,-0.120892
2022-11-29,8,0.045593,0.334342,0.144860
2022-11-30,8,0.014490,-0.053792,-0.019516
2022-12-01,8,0.049320,-0.170925,-0.064462
2022-12-02,8,0.027464,0.148161,0.070166
2022-12-05,8,0.096810,-0.111028,-0.068427
2022-12-06,8,0.084058,0.161460,0.068235
2022-12-07,8,0.091929,0.263375,0.117743
2022-12-08,8,0.060501,-0.004562,0.006218
2022-12-09,8,0.081564,0.020892,0.002221
2022-12-12,8,0.092787,-0.116316,-0.056459
2022-12-13,8,0.095666,0.153244,0.069257
2022-12-14,8,0.125687,-0.178937,-0.100984
2022-12-15,8,0.116326,-0.293130,-0.120241
2022-12-16,8,0.154975,-0.076411,-0.029292
2022-12-19,8,0.081224,-0.164357,-0.079868
2022-12-20,8,0.075764,0.067115,0.021321
2022-12-21,8,0.080199,0.126450,0.056735
2022-12-22,8,0.114262,-0.246248,-0.099496
2022-12-23,8,0.098721,0.194597,0.085810
2022-12-27,8,0.008300,-0.320630,-0.103818
2022-12-28,8,0.054464,-0.028933,-0.011567
2022-12-29,8,0.060940,0.068002,0.017827
2022-12-30,8,0.070845,-0.029393,-0.018223
2023-01-03,8,0.065087,0.101638,0.060456
2023-01-04,8,-0.013233,-0.200413,-0.069694
2023-01-05,8,0.027140,-0.045959,-0.048721
2023-01-06,8,0.065577,0.090861,0.051368
2023-01-09,8,0.041415,-0.167715,-0.066170
2023-01-10,8,0.037053,0.055809,0.028356
2023-01-11,8,-0.000710,0.000384,0.027983
2023-01-12,8,0.028914,0.041699,-0.026843
2023-01-13,8,0.048712,0.132075,0.115177
2023-01-17,8,0.002209,-0.313105,-0.106639
2023-01-18,8,0.045323,0.334638,0.119808
2023-01-19,8,-0.011580,-0.092809,-0.062437
2023-01-20,8,-0.011951,0.368458,0.125186
2023-01-23,8,-0.007893,-0.032322,-0.005569
2023-01-24,8,0.006227,0.131502,0.055655
2023-01-25,8,0.014087,0.175723,0.052630
2023-01-26,8,0.061200,-0.008310,-0.021909
2023-01-27,8,0.073487,-0.140637,-0.032857
2023-01-30,8,0.076145,0.363165,0.167779
2023-01-31,8,0.032190,-0.165418,-0.055078
2023-02-01,8,0.093713,0.089717,0.063349
2023-02-02,8,0.027212,-0.163893,-0.062571
2023-02-03,8,0.041532,0.235743,0.077025
2023-02-06,8,0.038920,0.256333,0.091167
2023-02-07,8,0.045543,-0.125432,-0.049795
2023-02-08,8,0.082145,0.051239,0.021658
2023-02-09,8,0.065026,0.085054,0.047466
2023-02-10,8,0.127149,0.307467,0.139790
2023-02-13,8,0.053677,0.052633,0.004184
2023-02-14,8,0.122900,-0.277281,-0.149095
2023-02-15,8,0.156662,0.161256,0.077042
2023-02-16,8,-0.053901,-0.186119,-0.058782
2023-02-17,8,-0.046006,-0.256028,-0.074479
2023-02-21,8,-0.063456,0.094374,0.022046
2023-02-22,8,-0.053139,0.224655,0.097085
2023-02-23,8,-0.063117,0.176093,0.041936
2023-02-24,8,-0.025288,-0.097210,-0.017010
2023-02-27,8,-0.030896,0.059986,0.008900
2023-02-28,8,-0.006784,-0.130055,-0.032694
2023-03-01,8,0.003345,-0.178264,-0.057199
2023-03-02,8,-0.013663,0.323839,0.111502
2023-03-03,8,0.020875,0.054168,0.024346
2023-03-06,8,0.078549,-0.206892,-0.089556
2023-03-07,8,0.174200,0.120585,0.069892
2023-03-08,8,0.148071,0.236568,0.115882
2023-03-09,8,0.101214,-0.195716,-0.095906
2023-03-10,8,-0.027473,-0.329371,-0.132288
2023-03-13,8,-0.041970,-0.098802,-0.045055
2023-03-14,8,-0.017171,0.033378,0.026929
2023-03-15,8,-0.022575,-0.335575,-0.105149
2023-03-16,8,-0.062704,-0.059072,0.001977
2023-03-17,8,0.310633,-0.447416,-0.287119
2023-03-20,8,0.344970,0.312713,0.201236
2023-03-21,8,0.203958,0.114817,0.070588
2023-03-22,8,0.199830,-0.196994,-0.123644
2023-03-23,8,0.303675,-0.080432,-0.077330
2023-03-24,8,-0.007876,-0.064739,-0.022065
2023-03-27,8,-0.001481,0.345523,0.132382
2023-03-28,8,-0.013178,0.052107,0.025399
2023-03-29,8,0.012660,0.062147,0.033842
2023-03-30,8,-0.032310,0.147314,0.046039
2023-03-31,8,0.109034,-0.024206,-0.024142
2023-04-03,8,0.065512,-0.027183,-0.010840
2023-04-04,8,0.096193,-0.225952,-0.113553
2023-04-05,8,0.170441,-0.472950,-0.270408
2023-04-06,8,0.143783,-0.268857,-0.115438
2023-04-10,8,0.118364,0.431168,0.202400
2023-04-11,8,0.005875,-0.035540,-0.010216
2023-04-12,8,0.127100,-0.066564,-0.019616
2023-04-13,8,0.128019,-0.001921,0.004670
2023-04-14,8,0.089399,0.036213,0.006213
2023-04-17,8,0.067776,0.147012,0.080468
2023-04-18,8,0.031226,0.072432,0.020636
2023-04-19,8,0.048626,0.186490,0.080792
2023-04-20,8,0.087724,0.055034,0.030216
2023-04-21,8,0.063409,-0.288719,-0.090708
2023-04-24,8,-0.025718,-0.135434,-0.025618
2023-04-25,8,-0.008144,0.023965,0.018956
2023-04-26,8,-0.031648,0.111036,0.032305
2023-04-27,8,-0.027824,0.119828,0.037071
2023-04-28,8,-0.013126,0.176116,0.033004
2023-05-01,8,0.046902,0.227932,0.093993
2023-05-02,8,0.015902,-0.009414,0.002000
2023-05-03,8,-0.001008,0.075022,0.018774
2023-05-04,8,-0.011186,0.039337,0.003898
2023-05-05,8,0.011647,0.250270,0.081846
2023-05-08,8,0.072777,-0.005523,0.000300
2023-05-09,8,0.012482,-0.079971,-0.022413
2023-05-10,8,0.038885,0.189193,0.070132
2023-05-11,8,-0.012759,-0.111269,-0.029292
2023-05-12,8,0.059475,0.147159,0.072089
2023-05-15,8,-0.005900,-0.370200,-0.085858
2023-05-16,8,0.024737,0.072231,0.016050
2023-05-17,8,-0.050825,-0.219778,-0.050588
2023-05-18,8,0.012917,-0.004370,-0.004862
2023-05-19,8,0.025958,0.313689,0.112041
2023-05-22,8,-0.056274,-0.037991,0.000510
2023-05-23,8,0.005659,-0.171221,-0.070513
2023-05-24,8,-0.031987,0.140620,0.045001
2023-05-25,8,-0.041732,-0.021857,-0.016642
2023-05-26,8,-0.015692,-0.229506,-0.080534
2023-05-30,8,-0.091012,0.013833,-0.005084
2023-05-31,8,-0.080855,0.200250,0.048603
2023-06-01,8,-0.082252,0.126435,0.030606
2023-06-02,8,-0.084585,-0.295608,-0.057138
2023-06-05,8,-0.052481,0.271046,0.077278
2023-06-06,8,0.047090,0.400548,0.158619
2023-06-07,8,0.030976,-0.320446,-0.105162
2023-06-08,8,0.007423,0.338952,0.116699
2023-06-09,8,0.056123,-0.089658,-0.046699
2023-06-12,8,0.075575,0.135165,0.066026
2023-06-13,8,0.020571,-0.264803,-0.089717
2023-06-14,8,0.024037,0.268309,0.108216
2023-06-15,8,0.036094,0.003890,-0.009215
2023-06-16,8,0.028340,0.153591,0.053009
2023-06-20,8,0.003748,0.261515,0.090336
2023-06-21,8,0.093243,0.173182,0.087683
2023-06-22,8,0.119901,-0.044906,-0.004166
2023-06-23,8,0.168366,-0.111172,-0.057275
2023-06-26,8,0.190063,0.217105,0.113878
2023-06-27,8,0.137935,-0.236769,-0.149172
2023-06-28,8,0.189974,0.081737,0.039784
2023-06-29,8,0.137410,-0.090817,-0.054058
2023-06-30,8,0.132842,-0.112189,-0.054394
2023-07-03,8,0.163680,0.366898,0.189160
2023-07-05,8,0.127457,-0.032945,-0.010120
2023-07-06,8,0.211953,0.267627,0.132665
2023-07-07,8,0.058873,0.191254,0.091698
2023-07-10,8,0.169560,-0.064113,-0.008955
2023-07-11,8,0.142192,0.165846,0.086735
2023-07-12,8,0.153377,0.013302,-0.003962
2023-07-13,8,0.171792,0.161132,0.109381
2023-07-14,8,0.056035,-0.102495,-0.042245
2023-07-17,8,0.178323,0.142926,0.051470
2023-07-18,8,0.101074,0.169184,0.058043
2023-07-19,8,0.104798,0.278558,0.131621
2023-07-20,8,0.096229,-0.117596,-0.039463
2023-07-21,8,0.226790,-0.359201,-0.202771
2023-07-24,8,0.311363,0.066756,0.031219
2023-07-25,8,0.228363,0.084378,0.045954
2023-07-26,8,0.219349,0.238738,0.143392
2023-07-27,8,0.050664,0.241745,0.103709
2023-07-28,8,0.094205,0.069401,0.042371
2023-07-31,8,0.080237,0.379610,0.152838
2023-08-01,8,0.038213,0.147968,0.061989
2023-08-02,8,0.045460,0.129104,0.051790
2023-08-03,8,0.253363,0.186206,0.106038
2023-08-04,8,0.196426,-0.062290,-0.035966
2023-08-07,8,0.201300,-0.006819,0.012689
2023-08-08,8,0.167988,-0.254718,-0.145462
2023-08-09,8,0.318882,0.012198,0.008571
2023-08-10,8,0.209360,-0.025600,0.005642
2023-08-11,8,0.200075,-0.233427,-0.154622
2023-08-14,8,0.224972,0.127134,0.068536
2023-08-15,8,0.189408,-0.066899,-0.006459
2023-08-16,8,0.097290,0.004082,0.011549
2023-08-17,8,0.278459,-0.126591,-0.092045
2023-08-18,8,0.273849,-0.118184,-0.071490
2023-08-21,8,0.295644,0.161212,0.115445
2023-08-22,8,0.253412,-0.076504,-0.032639
2023-08-23,8,0.326085,0.403928,0.248286
2023-08-24,8,0.061976,0.241080,0.105440
2023-08-25,8,0.068400,-0.074387,-0.023824
2023-08-28,8,0.120126,0.218428,0.102128
2023-08-29,8,0.107448,0.259575,0.118692
2023-08-30,8,0.047092,-0.024829,-0.009155
2023-08-31,8,0.417558,0.034864,0.028451
2023-09-01,8,0.397139,-0.018968,-0.021104
2023-09-05,8,0.441629,0.130766,0.099280
2023-09-06,8,0.406400,0.018346,0.001945
2023-09-07,8,0.428304,-0.272913,-0.204130
2023-09-08,8,0.299033,0.107614,0.052929
2023-09-11,8,0.258834,0.196043,0.120588
2023-09-12,8,0.174241,0.138290,0.058901
2023-09-13,8,0.189566,-0.362925,-0.200852
2023-09-14,8,0.268054,0.196561,0.113253
2023-09-15,8,0.331710,0.021226,0.012441
2023-09-18,8,0.339071,0.260254,0.172023
2023-09-19,8,0.346822,-0.152239,-0.098103
2023-09-20,8,0.362559,-0.353922,-0.253710
2023-09-21,8,0.391885,-0.289495,-0.187151
2023-09-22,8,0.389347,-0.034000,0.020483
2023-09-25,8,0.400010,0.240492,0.174551
2023-09-26,8,0.369003,0.070648,0.050436
2023-09-27,8,0.305393,0.248955,0.155226
2023-09-28,8,0.349744,0.472580,0.302205
2023-09-29,8,0.221297,0.007251,0.001940
2023-10-02,8,0.357654,-0.019690,-0.017006
2023-10-03,8,0.321354,-0.049658,-0.030485
2023-10-04,8,0.393682,0.024396,0.015853
2023-10-05,8,0.279744,-0.052538,-0.012934
2023-10-06,8,0.507957,-0.093166,-0.038752
2023-10-09,8,0.535761,0.264935,0.211248
2023-10-10,8,0.466983,-0.016232,-0.023613
2023-10-11,8,0.539177,0.221321,0.168307
2023-10-12,8,0.489275,-0.206358,-0.160084
2023-10-13,8,0.418988,-0.126309,-0.103229
2023-10-16,8,0.465718,0.040246,0.026759
2023-10-17,8,0.440816,0.107427,0.087755
2023-10-18,8,0.481475,-0.380973,-0.291441
2023-10-19,8,0.512560,-0.079670,-0.053109
2023-10-20,8,0.318944,0.064827,0.013911
2023-10-23,8,0.299692,0.204774,0.120799
2023-10-24,8,0.356838,0.171005,0.116142
2023-10-25,8,0.283921,-0.121164,-0.072734
2023-10-26,8,0.329389,0.249706,0.152454
2023-10-27,8,0.554450,0.223257,0.168764
2023-10-30,8,0.566877,-0.017289,-0.000696
2023-10-31,8,0.547892,0.218391,0.163647
2023-11-01,8,0.537626,-0.142679,-0.110468
2023-11-02,8,0.574900,0.195274,0.163457
2023-11-03,8,0.168942,-0.035977,0.000924
2023-11-06,8,0.123406,0.102778,0.071092
2023-11-07,8,0.202157,-0.165310,-0.107059
2023-11-08,8,0.218758,0.132927,0.078968
2023-11-09,8,0.130887,0.034774,-0.022857
2023-11-10,8,0.182382,0.079572,0.040126
2023-11-13,8,0.156832,0.215617,0.138101
2023-11-14,8,0.074783,0.237455,0.120875
2023-11-15,8,0.142634,-0.284164,-0.168477
2023-11-16,8,0.158729,-0.075303,-0.010725
2023-11-17,8,0.357043,0.305129,0.205762
2023-11-20,8,0.280171,0.250324,0.144805
2023-11-21,8,0.257133,-0.079203,-0.022665
2023-11-22,8,0.358546,-0.111322,-0.072629
2023-11-24,8,0.327347,0.230023,0.144838
2023-11-27,8,0.118546,-0.051679,-0.034688
2023-11-28,8,0.178066,0.056049,0.031753
2023-11-29,8,0.174401,-0.097344,-0.071045
2023-11-30,8,0.171030,0.414875,0.219178
2023-12-01,8,0.063629,0.166170,0.082077
2023-12-04,8,0.125646,0.252065,0.113988
2023-12-05,8,0.104306,0.118528,0.048291
2023-12-06,8,0.067254,-0.078947,-0.034950
2023-12-07,8,0.078665,-0.150788,-0.079670
2023-12-08,8,0.077249,0.120435,0.078662
2023-12-11,8,0.150886,-0.087309,-0.068504
2023-12-12,8,0.168978,0.197368,0.100709
2023-12-13,8,0.146334,-0.233444,-0.107534
2023-12-14,8,0.368623,-0.158043,-0.160829
2023-12-15,8,0.271670,-0.047598,-0.061652
2023-12-18,8,0.142603,0.108865,0.013818
2023-12-19,8,0.101897,0.143337,0.070749
2023-12-20,8,0.220673,0.022570,0.022724
2023-12-21,8,0.211100,-0.068578,-0.032907
2023-12-22,8,0.169044,0.016999,0.013981
2023-12-26,8,0.265741,-0.226774,-0.149237
2023-12-27,8,0.305354,-0.013782,0.001242
2023-12-28,8,0.278459,0.130980,0.080071
2023-12-29,8,0.227609,0.043948,0.039081
2024-01-02,8,0.301773,0.122176,0.077510
2024-01-03,8,0.113348,-0.261454,-0.149555
2024-01-04,8,0.260519,0.308324,0.208330
2024-01-05,8,0.213636,-0.173759,-0.088291
2024-01-08,8,0.260555,0.066606,0.040158
2024-01-09,8,0.130187,-0.051966,-0.033722
2024-01-10,8,0.384590,0.115110,0.078690
2024-01-11,8,0.262392,0.235562,0.143267
2024-01-12,8,0.260244,0.128476,0.075027
2024-01-16,8,0.236559,0.029870,-0.009509
2024-01-17,8,0.279524,0.020747,0.011971
2024-01-18,8,0.161822,0.040076,0.017479
2024-01-19,8,0.166530,0.211027,0.098235
2024-01-22,8,0.167868,0.041877,0.027590
2024-01-23,8,0.251050,0.032606,0.006664
2024-01-24,8,0.175314,-0.020362,-0.002479
2024-01-25,8,0.230156,0.092446,0.065210
2024-01-26,8,0.220607,-0.140082,-0.065858
2024-01-29,8,0.213101,0.088552,0.058554
2024-01-30,8,0.234642,-0.353455,-0.201381
2024-01-31,8,0.254569,-0.187817,-0.095565
2024-02-01,8,0.245677,0.105473,0.071235
2024-02-02,8,0.276108,-0.203899,-0.112758
2024-02-05,8,0.220711,-0.230738,-0.148997
2024-02-06,8,0.261145,0.235978,0.148116
2024-02-07,8,0.215622,-0.004514,0.002106
2024-02-08,8,0.110496,0.148202,0.068628
2024-02-09,8,0.115535,0.000864,0.009210
2024-02-12,8,0.117596,-0.070689,-0.029373
2024-02-13,8,0.155526,0.007251,0.002561
2024-02-14,8,0.140294,0.238571,0.120567
2024-02-15,8,0.283636,0.117658,0.075486
2024-02-16,8,0.252060,-0.194991,-0.116519
2024-02-20,8,0.250300,-0.193967,-0.117914
2024-02-21,8,0.271511,0.052826,0.043397
2024-02-22,8,0.318518,-0.087886,-0.069436
2024-02-23,8,0.106737,-0.177012,-0.078567
2024-02-26,8,0.104357,0.033377,0.027042
2024-02-27,8,0.137943,-0.006147,-0.001616
2024-02-28,8,0.119516,0.073859,0.050220
2024-02-29,8,0.144813,-0.037793,0.002272
2024-03-01,8,0.182972,0.044851,0.025620
2024-03-04,8,0.206448,-0.039429,-0.018945
2024-03-05,8,0.207549,-0.151600,-0.090944
2024-03-06,8,0.219123,0.043798,0.024419
2024-03-07,8,0.194549,-0.232238,-0.128505
2024-03-08,8,0.332454,0.194645,0.118727
2024-03-11,8,0.285759,-0.046293,-0.033854
2024-03-12,8,0.345306,0.044996,0.011008
2024-03-13,8,0.368019,-0.275314,-0.175414
2024-03-14,8,0.420075,-0.133404,-0.111993
2024-03-15,8,0.305847,0.211439,0.137077
2024-03-18,8,0.260740,-0.047887,-0.036972
2024-03-19,8,0.269896,0.015752,0.007596
2024-03-20,8,0.235545,0.340905,0.201525
2024-03-21,8,0.240372,-0.097145,-0.072353
2024-03-22,8,0.380326,0.171773,0.102797
2024-03-25,8,0.346592,-0.072802,-0.068727
2024-03-26,8,0.345587,-0.210734,-0.127107
2024-03-27,8,0.383224,0.340770,0.227971
2024-03-28,8,0.309110,-0.113291,-0.066351
2024-04-01,8,0.287069,-0.143680,-0.087563
2024-04-02,8,0.291803,-0.089226,-0.071218
2024-04-03,8,0.327042,0.231150,0.153777
2024-04-04,8,0.280489,-0.036642,-0.015906
2024-04-05,8,0.248897,-0.123289,-0.088211
2024-04-08,8,0.219686,0.240401,0.136789
2024-04-09,8,0.172929,-0.000720,-0.011927
2024-04-10,8,0.190771,-0.250294,-0.140294
2024-04-11,8,0.261346,0.309979,0.181244
2024-04-12,8,0.177669,0.078519,0.039766
2024-04-15,8,0.186393,-0.232729,-0.090744
2024-04-16,8,0.187409,0.214474,0.118355
2024-04-17,8,0.203166,-0.186991,-0.106987
2024-04-18,8,0.200710,0.034150,0.009244
2024-04-19,8,0.170461,-0.197104,-0.112929
2024-04-22,8,0.111171,0.205691,0.101417
2024-04-23,8,0.088715,0.006147,-0.000180
2024-04-24,8,0.058491,-0.264947,-0.117227
2024-04-25,8,0.133188,-0.013926,-0.007563
2024-04-26,8,0.110993,0.052016,0.024382
2024-04-29,8,0.090389,0.119566,0.018932
2024-04-30,8,0.043018,0.058932,0.017431
2024-05-01,8,0.083982,-0.154212,-0.067251
2024-05-02,8,0.029206,0.304670,0.125582
2024-05-03,8,0.024517,0.137012,0.052269
2024-05-06,8,0.084335,0.147547,0.064790
2024-05-07,8,0.060765,0.189895,0.098920
2024-05-08,8,0.110259,0.069015,0.043974
2024-05-09,8,0.080278,0.187542,0.088175
2024-05-10,8,0.099582,0.094225,0.046963
2024-05-13,8,0.000669,-0.120068,-0.050396
2024-05-14,8,0.016392,0.154485,0.054490
2024-05-15,8,0.002068,-0.054367,-0.029340
2024-05-16,8,0.014776,0.108608,0.052288
2024-05-17,8,0.054272,0.245936,0.100324
2024-05-20,8,0.040216,-0.164538,-0.060876
2024-05-21,8,0.063409,-0.090195,-0.033361
2024-05-22,8,0.070581,0.050291,0.014898
2024-05-23,8,0.075644,-0.019065,-0.009880
2024-05-24,8,0.026781,-0.092407,-0.016801
2024-05-28,8,-0.020479,-0.087646,-0.006217
2024-05-29,8,-0.012285,0.131457,0.043489
2024-05-30,8,-0.019263,0.211464,0.048579
2024-05-31,8,-0.034715,-0.018877,-0.025010
2024-06-03,8,-0.008708,0.280258,0.058790
2024-06-04,8,0.036332,-0.175976,-0.067338
2024-06-05,8,0.063348,0.342923,0.143721
2024-06-06,8,0.049886,0.095644,0.046827
2024-06-07,8,0.118661,0.101114,0.064330
2024-06-10,8,0.056332,0.006339,-0.000053
2024-06-11,8,0.205546,-0.175312,-0.108824
2024-06-12,8,0.230108,0.249586,0.129928
2024-06-13,8,0.251799,-0.156388,-0.104022
2024-06-14,8,0.285751,-0.169144,-0.096435
2024-06-17,8,0.240923,0.181303,0.111453
2024-06-18,8,0.264314,-0.075113,-0.047080
2024-06-20,8,0.254146,0.278243,0.187736
2024-06-21,8,0.252503,0.007540,-0.009753
2024-06-24,8,0.217228,0.184957,0.104283
2024-06-25,8,0.256111,-0.101244,-0.037640
2024-06-26,8,0.263701,-0.163569,-0.088307
2024-06-27,8,0.299287,-0.048262,-0.055486
2024-06-28,8,0.363255,0.043174,0.036555
2024-07-01,8,0.285903,-0.010564,-0.011188
2024-07-02,8,0.313661,-0.036066,-0.025174
2024-07-03,8,0.394149,-0.081062,-0.068559
2024-07-05,8,0.354505,-0.376804,-0.228223
2024-07-08,8,0.317342,0.435672,0.269544
2024-07-09,8,0.304915,-0.041588,-0.044022
2024-07-10,8,0.301962,0.210660,0.119088
2024-07-11,8,0.284871,-0.068045,-0.050084
2024-07-12,8,0.240816,0.142003,0.080936
2024-07-15,8,0.269556,0.291971,0.208968
2024-07-16,8,0.259355,-0.065748,-0.035510
2024-07-17,8,0.271792,0.261886,0.144382
2024-07-18,8,0.166641,0.204332,0.068718
2024-07-19,8,0.163076,-0.069151,-0.038676
2024-07-22,8,0.194939,-0.007155,-0.004699
2024-07-23,8,0.272379,0.307921,0.181741
2024-07-24,8,0.105142,0.106125,0.048817
2024-07-25,8,0.418379,0.110639,0.082483
2024-07-26,8,0.333573,0.260558,0.194537
2024-07-29,8,0.280086,0.031125,0.004374
2024-07-30,8,0.396577,0.016231,0.014006
2024-07-31,8,0.370955,0.163237,0.113967
2024-08-01,8,0.536999,0.072518,0.071957
2024-08-02,8,0.528561,-0.076596,-0.084646
2024-08-05,8,0.484397,0.124679,0.071609
2024-08-06,8,0.511154,0.125861,0.078583
2024-08-07,8,0.476227,-0.282469,-0.195270
2024-08-08,8,0.443818,0.296917,0.213472
2024-08-09,8,0.355435,0.056473,0.041255
2024-08-12,8,0.466140,-0.154297,-0.131888
2024-08-13,8,0.446392,0.265175,0.181844
2024-08-14,8,0.424218,0.109537,0.081379
2024-08-15,8,0.378039,0.141468,0.104832
2024-08-16,8,0.347422,0.043265,0.026833
2024-08-19,8,0.420354,0.026988,0.026390
2024-08-20,8,0.320781,-0.006435,-0.010371
2024-08-21,8,0.473103,0.211007,0.167908
2024-08-22,8,0.369408,-0.056809,-0.027311
2024-08-23,8,0.478707,0.368277,0.274742
2024-08-26,8,0.350386,-0.025596,-0.013938
2024-08-27,8,0.443965,0.106128,0.074262
2024-08-28,8,0.477524,-0.111887,-0.053649
2024-08-29,8,0.449697,0.222777,0.172071
2024-08-30,8,0.409698,0.343706,0.222520
2024-09-03,8,0.315868,-0.189305,-0.116281
2024-09-04,8,0.421954,-0.281255,-0.193345
2024-09-05,8,0.452270,-0.280329,-0.233362
2024-09-06,8,0.373802,-0.040007,-0.019160
2024-09-09,8,0.405049,0.164522,0.102473
2024-09-10,8,0.215949,-0.095838,-0.053496
2024-09-11,8,0.353943,-0.379100,-0.240666
2024-09-12,8,0.399022,0.045432,0.023013
2024-09-13,8,0.271751,0.051724,0.025858
2024-09-16,8,0.236385,-0.045429,-0.011465
2024-09-17,8,0.298182,0.091590,0.064526
2024-09-18,8,0.229748,0.018874,0.006218
2024-09-19,8,0.235064,-0.134528,-0.051357
2024-09-20,8,0.205502,0.064070,0.016891
2024-09-23,8,0.255006,0.239057,0.145678
2024-09-24,8,0.263341,-0.051145,-0.027071
2024-09-25,8,0.231051,-0.145001,-0.064118
2024-09-26,8,0.311175,0.232031,0.151176
2024-09-27,8,0.265989,-0.095323,-0.056675
2024-09-30,8,0.292039,0.080632,0.043577
2024-10-01,8,0.304075,-0.203419,-0.098607
2024-10-02,8,0.432235,-0.066561,-0.034466
2024-10-03,8,0.355634,-0.165306,-0.096999
2024-10-04,8,0.354347,0.067326,0.046459
2024-10-07,8,0.260535,-0.313396,-0.204754
2024-10-08,8,0.427501,0.212063,0.151150
2024-10-09,8,0.285855,0.054794,0.030396
2024-10-10,8,0.291878,-0.145262,-0.102965
2024-10-11,8,0.222206,0.030734,0.009122
2024-10-14,8,0.237259,0.139715,0.093956
2024-10-15,8,0.165729,-0.130433,-0.058479
2024-10-16,8,0.274189,-0.144744,-0.093070
2024-10-17,8,0.257095,0.065647,0.024598
2024-10-18,8,0.336838,0.051149,0.035894
2024-10-21,8,0.370770,0.036786,0.016939
2024-10-22,8,0.385532,0.215135,0.159304
2024-10-23,8,0.318450,-0.081444,-0.063265
2024-10-24,8,0.393867,0.150887,0.092653
2024-10-25,8,0.147344,0.080110,0.045546
2024-10-28,8,0.153788,0.021853,0.012989
2024-10-29,8,0.124051,-0.082937,-0.050888
2024-10-30,8,0.163608,-0.032560,-0.015774
2024-10-31,8,0.119763,0.008453,-0.002269
2024-11-01,8,0.063937,-0.106669,-0.053212
2024-11-04,8,0.073807,0.078901,0.049601
2024-11-05,8,0.071368,0.242616,0.109127
2024-11-06,8,0.018840,-0.040005,0.001324
2024-11-07,8,0.042082,0.149251,0.060533
2024-11-08,8,-0.000336,0.335007,0.106447
2024-11-11,8,-0.032512,0.194548,0.058968
2024-11-12,8,-0.018611,0.153879,0.050204
2024-11-13,8,0.018484,0.205408,0.084742
2024-11-14,8,-0.001828,-0.089435,-0.039808
2024-11-15,8,0.167059,0.065131,0.032305
2024-11-18,8,0.193668,-0.306632,-0.166999
2024-11-19,8,0.245968,0.124397,0.066772
2024-11-20,8,0.192475,0.036213,0.024046
2024-11-21,8,0.172262,0.335999,0.177839
2024-11-22,8,0.101221,-0.018731,-0.008956
2024-11-25,8,0.133013,-0.190643,-0.070828
2024-11-26,8,0.109371,-0.034821,-0.018247
2024-11-27,8,0.153541,0.126159,0.060576
2024-11-29,8,0.133222,-0.051051,-0.020300
2024-12-02,8,0.080208,0.061757,0.040196
2024-12-03,8,0.112310,0.106519,0.032543
2024-12-04,8,0.111242,-0.065889,-0.027819
2024-12-05,8,0.101898,-0.049896,-0.026578
2024-12-06,8,0.148378,0.063126,0.033363
2024-12-09,8,0.432386,0.185319,0.126230
2024-12-10,8,0.449525,-0.171825,-0.132485
2024-12-11,8,0.405526,-0.035345,-0.023517
2024-12-12,8,0.431686,0.152956,0.113770
2024-12-13,8,0.449124,0.208861,0.142897
2024-12-16,8,0.367453,0.133644,0.088724
2024-12-17,8,0.357071,-0.187087,-0.102689
2024-12-18,8,0.350050,-0.028574,-0.034646
2024-12-19,8,0.366767,-0.079143,-0.065702
2024-12-20,8,0.384449,0.086309,0.073181
